{
  "feature_version": 3,
  "features": [
    [
      0.23076923191547394,
      0.0,
      0.4615384638309479,
      0.0,
      0.23076923191547394,
      0.0,
      0.07692307978868484,
      0.0,
      0.0,
      0.5,
      0.0,
      0.0,
      0.0,
      0.0,
      0.0,
      0.0,
      0.0,
      0.0,
      1.0,
      1.0,
      1.0,
      0.2857142984867096,
      0.0,
      0.0,
      0.0,
      1.0,
      0.0,
      0.0,
      0.0,
      0.0,
      0.0,
      0.0,
      0.0,
      0.0,
      0.0,
      1.0,
      0.0,
      0.0,
      1.0,
      0.0,
      0.3333333432674408,
      1.0,
      0.0,
      0.0,
      0.0,
      0.0,
      0.0,
      1.0,
      0.0,
      1.0,
      0.0,
      1.0,
      0.0,
      1.0,
      0.0,
      1.0,
      0.0,
      1.0,
      0.0,
      1.0,
      0.0,
      1.0,
      0.4615384638309479,
      1.0,
      0.3243243098258972,
      0.5675675868988037,
      0.0,
      1.0,
      0.0,
      1.0,
      0.0,
      1.0,
      0.0,
      1.0,
      0.29729729890823364,
      1.0,
      0.0,
      1.0,
      0.0,
      1.0,
      0.0,
      1.0,
      0.0,
      1.0,
      0.0,
      1.0,
      1.0,
      1.0
    ],
    [
      0.23076923191547394,
      0.30000001192092896,
      0.1538461595773697,
      0.30000001192092896,
      0.07692307978868484,
      0.0,
      0.5384615659713745,
      0.6000000238418579,
      0.30000001192092896,
      1.0,
      0.0,
      0.0,
      0.0,
      1.0,
      1.0,
      0.0,
      1.0,
      0.0,
      0.0,
      0.0,
      1.0,
      0.4285714328289032,
      0.0,
      1.0,
      0.0,
      0.0,
      0.0,
      1.0,
      0.1428571492433548,
      0.0,
      0.0,
      0.0,
      0.0,
      1.0,
      1.0,
      0.0,
      0.0,
      0.0,
      0.0,
      0.0,
      0.3333333432674408,
      0.0,
      1.0,
      0.0,
      0.0,
      1.0,
      0.0,
      1.0,
      0.0,
      1.0,
      0.0,
      1.0,
      0.4615384638309479,
      1.0,
      0.3243243098258972,
      0.5675675868988037,
      0.0,
      1.0,
      0.0,
      1.0,
      0.0,
      1.0,
      0.0,
      1.0,
      0.29729729890823364,
      1.0,
      0.0,
      1.0,
      0.0,
      1.0,
      0.0,
      1.0,
      0.0,
      1.0,
      0.0,
      1.0,
      0.0,
      1.0,
      0.3076923191547394,
      1.0,
      0.0,
      1.0,
      0.0,
      1.0,
      0.0,
      1.0,
      1.0,
      1.0
    ],
    [
      0.38461539149284363,
      0.699999988079071,
      0.1538461595773697,
      0.30000001192092896,
      0.1538461595773697,
      0.4000000059604645,
      0.3076923191547394,
      0.4000000059604645,
      0.44999998807907104,
      0.0,
      0.0,
      1.0,
      0.0,
      0.0,
      0.0,
      0.0,
      0.0,
      0.0,
      1.0,
      1.0,
      1.0,
      0.4285714328289032,
      0.0,
      1.0,
      0.0,
      0.0,
      0.0,
      1.0,
      0.4285714328289032,
      0.0,
      1.0,
      0.0,
      0.0,
      0.0,
      0.0,
      1.0,
      0.0,
      0.0,
      0.0,
      1.0,
      0.3333333432674408,
      0.0,
      0.0,
      1.0,
      0.0,
      0.0,
      0.0,
      1.0,
      0.0,
      1.0,
      0.0,
      1.0,
      0.0,
      1.0,
      0.29729729890823364,
      1.0,
      0.0,
      1.0,
      0.0,
      1.0,
      0.0,
      1.0,
      0.0,
      1.0,
      0.0,
      1.0,
      0.0,
      1.0,
      0.3076923191547394,
      1.0,
      0.0,
      1.0,
      0.0,
      1.0,
      0.0,
      1.0,
      0.0,
      1.0,
      0.0,
      1.0,
      0.0,
      1.0,
      0.4615384638309479,
      1.0,
      0.3243243098258972,
      0.5675675868988037,
      1.0,
      1.0
    ],
    [
      0.1538461595773697,
      0.0,
      0.23076923191547394,
      0.4000000059604645,
      0.5384615659713745,
      0.6000000238418579,
      0.07692307978868484,
      0.0,
      0.25,
      1.0,
      0.0,
      0.0,
      0.0,
      1.0,
      1.0,
      0.0,
      1.0,
      0.0,
      0.0,
      0.0,
      1.0,
      0.4285714328289032,
      0.0,
      1.0,
      0.0,
      0.0,
      0.0,
      1.0,
      0.2857142984867096,
      0.0,
      0.0,
      0.0,
      1.0,
      0.0,
      0.0,
      1.0,
      0.0,
      0.0,
      0.0,
      0.0,
      0.3333333432674408,
      0.0,
      0.0,
      0.0,
      1.0,
      1.0,
      0.0,
      1.0,
      0.0,
      1.0,
      0.0,
      1.0,
      0.0,
      1.0,
      0.0,
      1.0,
      0.0,
      1.0,
      0.3076923191547394,
      1.0,
      0.0,
      1.0,
      0.0,
      1.0,
      0.0,
      1.0,
      0.0,
      1.0,
      0.0,
      1.0,
      0.0,
      1.0,
      0.4615384638309479,
      1.0,
      0.3243243098258972,
      0.5675675868988037,
      0.0,
      1.0,
      0.0,
      1.0,
      0.0,
      1.0,
      0.0,
      1.0,
      0.29729729890823364,
      1.0,
      1.0,
      1.0
    ],
    [
      0.23076923191547394,
      0.0,
      0.4615384638309479,
      0.0,
      0.23076923191547394,
      0.0,
      0.07692307978868484,
      0.0,
      0.0,
      0.5,
      0.0,
      1.0,
      0.0,
      0.0,
      0.0,
      0.0,
      0.0,
      1.0,
      1.0,
      1.0,
      1.0,
      0.5714285969734192,
      0.0,
      0.0,
      1.0,
      0.0,
      0.0,
      0.0,
      0.0,
      0.0,
      0.0,
      0.0,
      0.0,
      0.0,
      1.0,
      0.0,
      0.0,
      0.0,
      1.0,
      0.0,
      0.3333333432674408,
      1.0,
      0.0,
      0.0,
      0.0,
      0.0,
      0.0,
      1.0,
      0.3076923191547394,
      1.0,
      0.0,
      1.0,
      0.0,
      1.0,
      0.0,
      1.0,
      0.0,
      1.0,
      0.0,
      1.0,
      0.0,
      1.0,
      0.4615384638309479,
      1.0,
      0.3243243098258972,
      0.5675675868988037,
      0.0,
      1.0,
      0.0,
      1.0,
      0.0,
      1.0,
      0.0,
      1.0,
      0.29729729890823364,
      1.0,
      0.0,
      1.0,
      0.0,
      1.0,
      0.4615384638309479,
      1.0,
      0.0,
      1.0,
      0.0,
      1.0,
      1.0,
      1.0
    ],
    [
      0.23076923191547394,
      0.30000001192092896,
      0.1538461595773697,
      0.30000001192092896,
      0.07692307978868484,
      0.0,
      0.5384615659713745,
      0.6000000238418579,
      0.30000001192092896,
      1.0,
      0.0,
      0.0,
      1.0,
      1.0,
      1.0,
      0.0,
      1.0,
      0.0,
      0.0,
      0.0,
      1.0,
      0.5714285969734192,
      0.0,
      0.0,
      1.0,
      0.0,
      0.0,
      1.0,
      0.5714285969734192,
      0.0,
      0.0,
      1.0,
      0.0,
      0.0,
      1.0,
      0.0,
      0.0,
      0.0,
      0.0,
      0.0,
      0.3333333432674408,
      0.0,
      1.0,
      0.0,
      0.0,
      1.0,
      0.0,
      1.0,
      0.0,
      1.0,
      0.0,
      1.0,
      0.4615384638309479,
      1.0,
      0.3243243098258972,
      0.5675675868988037,
      0.0,
      1.0,
      0.0,
      1.0,
      0.0,
      1.0,
      0.0,
      1.0,
      0.29729729890823364,
      1.0,
      0.0,
      1.0,
      0.0,
      1.0,
      0.4615384638309479,
      1.0,
      0.0,
      1.0,
      0.0,
      1.0,
      0.0,
      1.0,
      0.3076923191547394,
      1.0,
      0.0,
      1.0,
      0.0,
      1.0,
      0.0,
      1.0,
      1.0,
      1.0
    ],
    [
      0.38461539149284363,
      0.699999988079071,
      0.1538461595773697,
      0.30000001192092896,
      0.1538461595773697,
      0.4000000059604645,
      0.3076923191547394,
      0.4000000059604645,
      0.44999998807907104,
      0.0,
      0.0,
      1.0,
      0.0,
      0.0,
      0.0,
      0.0,
      0.0,
      1.0,
      1.0,
      1.0,
      1.0,
      0.5714285969734192,
      0.0,
      0.0,
      1.0,
      0.0,
      0.0,
      1.0,
      0.4285714328289032,
      0.0,
      1.0,
      0.0,
      0.0,
      0.0,
      1.0,
      0.0,
      0.0,
      0.0,
      0.0,
      1.0,
      0.3333333432674408,
      0.0,
      0.0,
      1.0,
      0.0,
      0.0,
      0.0,
      1.0,
      0.0,
      1.0,
      0.0,
      1.0,
