{
  "arch": "x -> Linear(88,H) -> relu -> Linear(H,H) -> relu -> Linear(H,38)",
  "batch": 4096,
  "data_contested_rows": 267432,
  "data_git_sha": "7122756af36c9749ca8b0f50dd37f1165833aa67",
  "data_rows": 422914,
  "data_seed": 1,
  "dd_len": 0,
  "dd_weight": 1.0,
  "dtype": "f32-le",
  "epochs": 300,
  "feature_version": 3,
  "features_len": 88,
  "git_sha": "7122756af36c9749ca8b0f50dd37f1165833aa67",
  "hidden": 256,
  "lr": 0.001,
  "param_floats": 98342,
  "param_order": [
    "l1.weight",
    "l1.bias",
    "l2.weight",
    "l2.bias",
    "l3.weight",
    "l3.bias"
  ],
  "param_shapes": {
    "l1.bias": [
      256
    ],
    "l1.weight": [
      256,
      88
    ],
    "l2.bias": [
      256
    ],
    "l2.weight": [
      256,
      256
    ],
    "l3.bias": [
      38
    ],
    "l3.weight": [
      38,
      256
    ]
  },
  "softmax_len": 38,
  "teacher": "bba",
  "card": "",
  "train_rows": 380623,
  "trainer": "pons-trainer 0.1.0",
  "val_ce": 0.45778051018714905,
  "val_dd_mse": null,
  "val_rows": 42291,
  "val_top1_constructive": 0.8668258786201477,
  "val_top1_contested": 0.8538805842399597,
  "val_top1_overall": 0.8586223721504211,
  "wd": 0.0
}
