{
  "feature_version": 3,
  "features": [
    [
      0.23076923191547394,
      0.4000000059604645,
      0.23076923191547394,
      0.30000001192092896,
      0.23076923191547394,
      0.5,
      0.3076923191547394,
      0.4000000059604645,
      0.4000000059604645,
      0.0,
      0.0,
      0.0,
      0.0,
      0.0,
      0.0,
      0.0,
      0.0,
      1.0,
      0.0,
      0.0,
      1.0,
      0.2857142984867096,
      0.0,
      0.0,
      1.0,
      0.0,
      0.0,
      0.0,
      0.0,
      0.0,
      0.0,
      0.0,
      0.0,
      0.0,
      1.0,
      0.0,
      0.0,
      0.0,
      0.0,
      0.0,
      0.0,
      0.0,
      1.0,
      0.0,
      0.0,
      0.0,
      0.0,
      1.0,
      0.0,
      1.0,
      0.0,
      1.0,
      0.0,
      1.0,
      0.0,
      1.0,
      0.0,
      1.0,
      0.0,
      1.0,
      0.0,
      1.0,
      0.0,
      1.0,
      0.0,
      1.0,
      0.0,
      1.0,
      0.0,
      1.0,
      0.0,
      1.0,
      0.0,
      1.0,
      0.0,
      1.0,
      0.0,
      1.0,
      0.0,
      1.0,
      0.4615384638309479,
      0.4615384638309479,
      0.0,
      1.0,
      0.13513512909412384,
      0.2702702581882477,
      1.0,
      1.0
    ],
    [
      0.1538461595773697,
      0.0,
      0.38461539149284363,
      0.20000000298023224,
      0.1538461595773697,
      0.0,
      0.3076923191547394,
      0.4000000059604645,
      0.15000000596046448,
      0.5,
      0.0,
      0.0,
      1.0,
      0.0,
      0.0,
      0.0,
      0.0,
      0.0,
      0.0,
      1.0,
      1.0,
      0.2857142984867096,
      0.0,
      0.0,
      0.0,
      0.0,
      1.0,
      1.0,
      0.2857142984867096,
      0.0,
      0.0,
      1.0,
      0.0,
      0.0,
      1.0,
      0.0,
      0.0,
      0.0,
      0.0,
      0.0,
      0.0,
      0.0,
      0.0,
      1.0,
      0.0,
      1.0,
      0.0,
      1.0,
      0.0,
      1.0,
      0.0,
      1.0,
      0.0,
      1.0,
      0.0,
      1.0,
      0.0,
      1.0,
      0.0,
      1.0,
      0.0,
      1.0,
      0.0,
      1.0,
      0.0,
      1.0,
      0.0,
      1.0,
      0.0,
      1.0,
      0.4615384638309479,
      0.4615384638309479,
      0.0,
      1.0,
      0.13513512909412384,
      0.2702702581882477,
      0.0,
      1.0,
      0.0,
      1.0,
      0.0,
      1.0,
      0.0,
      1.0,
      0.0,
      1.0,
      1.0,
      1.0
    ],
    [
      0.38461539149284363,
      0.6000000238418579,
      0.3076923191547394,
      0.4000000059604645,
      0.1538461595773697,
      0.0,
      0.1538461595773697,
      0.0,
      0.25,
      0.5,
      0.0,
      0.0,
      0.0,
      0.0,
      1.0,
      0.0,
      0.0,
      1.0,
      0.0,
      0.0,
      1.0,
      0.2857142984867096,
      0.0,
      0.0,
      0.0,
      0.0,
      1.0,
      1.0,
      0.2857142984867096,
      0.0,
      0.0,
      0.0,
      0.0,
      1.0,
      1.0,
      0.0,
      0.0,
      0.0,
      0.0,
      0.0,
      0.0,
      0.0,
      0.0,
      0.0,
      1.0,
      0.0,
      0.0,
      1.0,
      0.0,
      1.0,
      0.0,
      1.0,
      0.0,
      1.0,
      0.0,
      1.0,
      0.0,
      1.0,
      0.0,
      1.0,
      0.4615384638309479,
      0.4615384638309479,
      0.0,
      1.0,
      0.13513512909412384,
      0.2702702581882477,
      0.0,
      1.0,
      0.0,
      1.0,
      0.0,
      1.0,
      0.0,
      1.0,
      0.0,
      1.0,
      0.0,
      1.0,
      0.0,
      1.0,
      0.0,
      1.0,
      0.0,
      1.0,
      0.0,
      1.0,
      1.0,
      1.0
    ],
    [
      0.23076923191547394,
      0.0,
      0.07692307978868484,
      0.10000000149011612,
      0.4615384638309479,
      0.5,
      0.23076923191547394,
      0.20000000298023224,
      0.20000000298023224,
      0.0,
      0.0,
      0.0,
      1.0,
      0.0,
      0.0,
      0.0,
      0.0,
      0.0,
      0.0,
      1.0,
      1.0,
      0.4285714328289032,
      0.0,
      0.0,
      0.0,
      0.0,
      1.0,
      0.0,
      0.0,
      0.0,
      0.0,
      0.0,
      0.0,
      0.0,
      1.0,
      0.0,
      0.0,
      0.0,
      0.0,
      1.0,
      0.0,
      1.0,
      0.0,
      0.0,
      0.0,
      1.0,
      0.0,
      1.0,
      0.0,
      1.0,
      0.4615384638309479,
      0.4615384638309479,
      0.0,
      1.0,
      0.13513512909412384,
      0.2702702581882477,
      0.0,
      1.0,
      0.0,
      1.0,
      0.0,
      1.0,
      0.0,
      1.0,
      0.0,
      1.0,
      0.0,
      1.0,
      0.0,
      1.0,
      0.0,
      1.0,
      0.0,
      1.0,
      0.0,
      1.0,
      0.0,
      1.0,
      0.0,
      1.0,
      0.0,
      1.0,
      0.0,
      1.0,
      0.0,
      1.0,
      1.0,
      1.0
    ],
    [
      0.23076923191547394,
      0.4000000059604645,
      0.23076923191547394,
      0.30000001192092896,
      0.23076923191547394,
      0.5,
      0.3076923191547394,
      0.4000000059604645,
      0.4000000059604645,
      0.0,
      0.0,
      0.0,
      0.0,
      0.0,
      1.0,
      0.0,
      0.0,
      1.0,
      0.0,
      0.0,
      1.0,
      0.4285714328289032,
      0.0,
      0.0,
      0.0,
      0.0,
      1.0,
      1.0,
      0.4285714328289032,
      0.0,
      0.0,
      0.0,
      0.0,
      1.0,
      1.0,
      0.0,
      0.0,
      0.0,
      0.0,
      0.0,
      0.0,
      0.0,
      1.0,
      0.0,
      0.0,
      0.0,
      0.0,
      1.0,
      0.0,
      1.0,
      0.0,
      1.0,
      0.0,
      1.0,
      0.0,
      1.0,
      0.0,
      1.0,
      0.0,
      1.0,
      0.0,
      1.0,
      0.0,
      1.0,
      0.0,
      1.0,
      0.0,
      1.0,
      0.0,
      1.0,
      0.0,
      1.0,
      0.0,
      1.0,
      0.0,
      1.0,
      0.0,
      1.0,
      0.0,
      1.0,
      0.4615384638309479,
      0.4615384638309479,
      0.0,
      1.0,
      0.13513512909412384,
      0.2702702581882477,
      1.0,
      1.0
    ],
    [
      0.1538461595773697,
      0.0,
      0.38461539149284363,
      0.20000000298023224,
      0.1538461595773697,
      0.0,
      0.3076923191547394,
      0.4000000059604645,
      0.15000000596046448,
      0.5,
      0.0,
      0.0,
      1.0,
      0.0,
      0.0,
      0.0,
      0.0,
      0.0,
      0.0,
      1.0,
      1.0,
      0.4285714328289032,
      0.0,
      0.0,
      0.0,
      0.0,
      1.0,
      1.0,
      0.2857142984867096,
      0.0,
      0.0,
      1.0,
      0.0,
      0.0,
      1.0,
      0.0,
      0.0,
      0.0,
      1.0,
      0.0,
      0.0,
      0.0,
      0.0,
      1.0,
      0.0,
      1.0,
      0.0,
      1.0,
      0.0,
      1.0,
      0.0,
      1.0,
      0.0,
      1.0,
      0.0,
      1.0,
      0.0,
      1.0,
      0.0,
      1.0,
      0.0,
      1.0,
      0.0,
      1.0,
      0.0,
      1.0,
      0.0,
      1.0,
      0.0,
      1.0,
      0.4615384638309479,
      0.4615384638309479,
      0.0,
      1.0,
      0.13513512909412384,
      0.2702702581882477,
      0.0,
      1.0,
      0.0,
      1.0,
      0.0,
      1.0,
      0.0,
      1.0,
      0.0,
      1.0,
      1.0,
      1.0
    ],
    [
      0.3076923191547394,
      0.10000000149011612,
      0.3076923191547394,
      0.5,
      0.3076923191547394,
      0.4000000059604645,
      0.07692307978868484,
      0.0,
      0.25,
      0.5,
      0.0,
      0.0,
      0.0,
      0.0,
      0.0,
      0.0,
      0.0,
      0.0,
      0.0,
      0.0,
      0.0,
      0.0,
      0.0,
      0.0,
      0.0,
      0.0,
      0.0,
      0.0,
      0.0,
      0.0,
      0.0,
      0.0,
      0.0,
      0.0,
      1.0,
      0.0,
      0.0,
      1.0,
      0.0,
      0.0,
      0.0,
      1.0,
      0.0,
      0.0,
      0.0,
      0.0,
      0.0,
      1.0,
      0.0,
      1.0,
      0.0,
      1.0,
      0.0,
      1.0,
      0.0,
      1.0,
      0.0,
      1.0,
      0.0,
      1.0,
      0.0,
      1.0,
      0.0,
      1.0,
      0.0,
      1.0,
      0.0,
      1.0,
      0.0,
      1.0,
      0.0,
      1.0,
