{
  "feature_version": 1,
  "features": [
    [
      0.23076923191547394,
      0.4000000059604645,
      0.1538461595773697,
      0.0,
      0.38461539149284363,
      0.6000000238418579,
      0.23076923191547394,
      0.4000000059604645,
      0.3499999940395355,
      0.0,
      0.0,
      1.0,
      0.0,
      1.0,
      0.0,
      1.0,
      0.0,
      1.0,
      0.0,
      1.0,
      0.0,
      1.0,
      0.0,
      1.0,
      0.0,
      1.0,
      0.0,
      1.0,
      0.0,
      1.0,
      0.0,
      1.0,
      0.0,
      1.0,
      0.0,
      1.0,
      0.0,
      1.0,
      0.0,
      1.0
    ],
    [
      0.1538461595773697,
      0.0,
      0.3076923191547394,
      0.699999988079071,
      0.07692307978868484,
      0.0,
      0.4615384638309479,
      0.4000000059604645,
      0.2750000059604645,
      1.0,
      0.0,
      1.0,
      0.0,
      1.0,
      0.0,
      1.0,
      0.0,
      1.0,
      0.0,
      1.0,
      0.0,
      1.0,
      0.0,
      1.0,
      0.0,
      1.0,
      0.0,
      1.0,
      0.0,
      1.0,
      0.0,
      1.0,
      0.0,
      1.0,
      0.38461539149284363,
      1.0,
      0.0,
      1.0,
      0.2702702581882477,
      0.5675675868988037
    ],
    [
      0.1538461595773697,
      0.30000001192092896,
      0.23076923191547394,
      0.20000000298023224,
      0.38461539149284363,
      0.4000000059604645,
      0.23076923191547394,
      0.20000000298023224,
      0.2750000059604645,
      0.0,
      0.0,
      1.0,
      0.0,
      1.0,
      0.0,
      1.0,
      0.0,
      1.0,
      0.0,
      1.0,
      0.0,
      1.0,
      0.0,
      1.0,
      0.38461539149284363,
      1.0,
      0.0,
      1.0,
      0.2702702581882477,
      0.5675675868988037,
      0.0,
      1.0,
      0.0,
      1.0,
      0.0,
      1.0,
      0.38461539149284363,
      1.0,
      0.21621622145175934,
      1.0
    ],
    [
      0.4615384638309479,
      0.30000001192092896,
      0.3076923191547394,
      0.10000000149011612,
      0.1538461595773697,
      0.0,
      0.07692307978868484,
      0.0,
      0.10000000149011612,
      1.0,
      0.0,
      1.0,
      0.0,
      1.0,
      0.38461539149284363,
      1.0,
      0.0,
      1.0,
      0.2702702581882477,
      0.5675675868988037,
      0.0,
      1.0,
      0.0,
      1.0,
      0.0,
      1.0,
      0.0,
      1.0,
      0.0,
      1.0,
      0.0,
      1.0,
      0.0,
      1.0,
      0.0,
      1.0,
      0.0,
      1.0,
      0.054054055362939835,
      1.0
    ],
    [
      0.23076923191547394,
      0.4000000059604645,
      0.1538461595773697,
      0.0,
      0.38461539149284363,
      0.6000000238418579,
      0.23076923191547394,
      0.4000000059604645,
      0.3499999940395355,
      0.0,
      0.0,
      1.0,
      0.0,
      1.0,
      0.0,
      1.0,
      0.0,
      1.0,
      0.0,
      1.0,
      0.0,
      1.0,
      0.0,
      1.0,
      0.0,
      1.0,
      0.0,
      1.0,
      0.054054055362939835,
      1.0,
      0.0,
      1.0,
      0.0,
      1.0,
      0.0,
      1.0,
      0.0,
      1.0,
      0.0,
      1.0
    ],
    [
      0.1538461595773697,
      0.0,
      0.3076923191547394,
      0.699999988079071,
      0.07692307978868484,
      0.0,
      0.4615384638309479,
      0.4000000059604645,
      0.2750000059604645,
      1.0,
      0.0,
      1.0,
      0.0,
      1.0,
      0.0,
      1.0,
      0.0,
      1.0,
      0.054054055362939835,
      1.0,
      0.0,
      1.0,
      0.0,
      1.0,
      0.0,
      1.0,
      0.0,
      1.0,
      0.0,
      1.0,
      0.0,
      1.0,
      0.0,
      1.0,
      0.38461539149284363,
      1.0,
      0.0,
      1.0,
      0.2702702581882477,
      0.5675675868988037
    ],
    [
      0.1538461595773697,
      0.30000001192092896,
      0.23076923191547394,
      0.20000000298023224,
      0.38461539149284363,
      0.4000000059604645,
      0.23076923191547394,
      0.20000000298023224,
      0.2750000059604645,
      0.0,
      0.0,
      1.0,
      0.0,
      1.0,
      0.0,
      1.0,
      0.0,
      1.0,
      0.0,
      1.0,
      0.0,
      1.0,
      0.0,
      1.0,
      0.38461539149284363,
      1.0,
      0.0,
      1.0,
      0.2702702581882477,
      0.5675675868988037,
      0.0,
      1.0,
      0.0,
      1.0,
      0.0,
      1.0,
      0.0,
      1.0,
      0.0,
      1.0
    ],
    [
      0.4615384638309479,
      0.30000001192092896,
      0.3076923191547394,
      0.10000000149011612,
      0.1538461595773697,
      0.0,
      0.07692307978868484,
      0.0,
      0.10000000149011612,
      1.0,
      0.0,
      1.0,
      0.0,
      1.0,
      0.38461539149284363,
      1.0,
      0.0,
      1.0,
      0.2702702581882477,
      0.5675675868988037,
      0.0,
      1.0,
      0.0,
      1.0,
      0.0,
      1.0,
      0.0,
      1.0,
      0.0,
      1.0,
      0.0,
      1.0,
      0.0,
      1.0,
      0.0,
      1.0,
      0.0,
      1.0,
      0.054054055362939835,
      1.0
    ]
  ],
  "note": "Parity: the in-crate hand-rolled forward pass must reproduce these outputs from these features (within tolerance).",