{
  "arch": "x -> Linear(40, 64) -> relu -> Linear(64, 64) -> relu -> Linear(64, 40)",
  "batch": 4096,
  "blank_ranges": false,
  "collapse_side": false,
  "data_deals": "/nfs2/jdh8/22.pdd",
  "data_git_sha": "87c3ac98e62daadc50c1a1cfcb85f81030d5bbb0",
  "data_seed": 1784555274,
  "data_systems": [
    "american",
    "dutch"
  ],
  "dtype": "f32-le",
  "encoding": "summary",
  "epochs": 150,
  "feature_version": 1,
  "features_len": 40,
  "git_sha": "87c3ac98e62daadc50c1a1cfcb85f81030d5bbb0",
  "heads": [
    "mu",
    "ln_sd"
  ],
  "hidden": 64,
  "label_order": "strain-major NT,S,H,D,C × declarer [me,lho,partner,rho]",
  "ln_sd_clamp": [
    -5.0,
    0.0
  ],
  "lr": 0.001,
  "out_dim": 40,
  "out_layout": "[20 × mu][20 × ln_sd], tricks / 13",
  "param_floats": 9384,
  "param_order": [
    "l1.weight",
    "l1.bias",
    "l2.weight",
    "l2.bias",
    "l3.weight",
    "l3.bias"
  ],
  "param_shapes": {
    "l1.bias": [
      64
    ],
    "l1.weight": [
      64,
      40
    ],
    "l2.bias": [
      64
    ],
    "l2.weight": [
      64,
      64
    ],
    "l3.bias": [
      40
    ],
    "l3.weight": [
      40,
      64
    ]
  },
  "seed": 0,
  "targets": 20,
  "test": "../target/eval-test",
  "train_rows": 2005619,
  "trainer": "pons-trainer evaluator",
  "val_below_mean": 0.48050186038017273,
  "val_by_phase": [
    {
      "below_mean": 0.4798505902290344,
      "coverage": 0.5036482810974121,
      "mae_tricks": 1.577837347984314,
      "nll": -1.4176604747772217,
      "rmse_tricks": 1.9970288276672363,
      "slice": "constructive",
      "targets": 2974280
    },
    {
      "below_mean": 0.4808841049671173,
      "coverage": 0.4998178482055664,
      "mae_tricks": 1.4523909091949463,
      "nll": -1.4891502857208252,
      "rmse_tricks": 1.8286608457565308,
      "slice": "contested",
      "targets": 5067560
    }
  ],
  "val_by_system": [
    {
      "below_mean": 0.4809897541999817,
      "coverage": 0.49499428272247314,
      "mae_tricks": 1.48934006690979,
      "nll": -1.4712824821472168,
      "rmse_tricks": 1.8801496028900146,
      "slice": "american",
      "targets": 4036980
    },
    {
      "below_mean": 0.4800100326538086,
      "coverage": 0.507524847984314,
      "mae_tricks": 1.5083104372024536,
      "nll": -1.4540680646896362,
      "rmse_tricks": 1.9052236080169678,
      "slice": "dutch",
      "targets": 4004860
    }
  ],
  "val_coverage": 0.5012345314025879,
  "val_mae_tricks": 1.4987874031066895,
  "val_nll": -1.462709665298462,
  "val_rmse_tricks": 1.8926780223846436,
  "wd": 0.0
}
