{
 "feature_version": 2,
 "rows": 8,
 "note": "Parity: the in-crate hand-rolled forward pass must reproduce these outputs from these features (within tolerance).",
 "features": [
  [
   0.125,
   1.0,
   0.0,
   0.0,
   0.0,
   1.0,
   0.25,
   0.0,
   0.0,
   0.0,
   0.0,
   0.0,
   0.125,
   0.0,
   1.0,
   1.0,
   1.0,
   1.0,
   0.125,
   0.0,
   1.0,
   0.0,
   1.0,
   0.0,
   0.0,
   1.0,
   0.0,
   1.0,
   0.0,
   1.0,
   0.0,
   1.0,
   0.0,
   1.0,
   0.0,
   1.0,
   0.0,
   1.0,
   0.0,
   1.0,
   0.0,
   1.0,
   0.0,
   1.0,
   0.0,
   1.0,
   0.0,
   1.0,
   0.0,
   1.0,
   0.0,
   1.0,
   0.0,
   1.0
  ],
  [
   0.25,
   0.0,
   0.0,
   0.0,
   0.0,
   0.0,
   0.25,
   1.0,
   1.0,
   0.0,
   0.0,
   0.0,
   0.125,
   0.0,
   0.0,
   0.0,
   0.0,
   0.0,
   0.5,
   1.0,
   0.0,
   0.0,
   0.0,
   1.0,
   0.0,
   1.0,
   0.0,
   1.0,
   0.0,
   1.0,
   0.0,
   1.0,
   0.0,
   1.0,
   0.0,
   1.0,
   0.0,
   1.0,
   0.0,
   1.0,
   0.0,
   1.0,
   0.0,
   1.0,
   0.0,
   1.0,
   0.0,
   1.0,
   0.38461539149284363,
   1.0,
   0.0,
   1.0,
   0.2702702581882477,
   0.5675675868988037
  ],
  [
   0.0,
   0.0,
   0.0,
   1.0,
   1.0,
   0.0,
   0.25,
   0.0,
   0.0,
   1.0,
   0.0,
   0.0,
   0.5,
   1.0,
   0.0,
   0.0,
   0.0,
   0.0,
   0.25,
   0.0,
   0.0,
   1.0,
   0.0,
   0.0,
   0.0,
   1.0,
   0.0,
   1.0,
   0.0,
   1.0,
   0.0,
   1.0,
   0.0,
   1.0,
   0.0,
   1.0,
   0.0,
   1.0,
   0.38461539149284363,
   1.0,
   0.0,
   1.0,
   0.2702702581882477,
   0.5675675868988037,
   0.0,
   1.0,
   0.0,
   1.0,
   0.0,
   1.0,
   0.38461539149284363,
   1.0,
   0.21621622145175934,
   1.0
  ],
  [
   0.625,
   0.0,
   1.0,
   0.0,
   0.0,
   0.0,
   0.25,
   0.0,
   0.0,
   0.0,
   1.0,
   1.0,
   0.25,
   0.0,
   0.0,
   0.0,
   0.0,
   0.0,
   0.125,
   0.0,
   0.0,
   0.0,
   0.0,
   0.0,
   0.0,
   1.0,
   0.0,
   1.0,
   0.38461539149284363,
   1.0,
   0.0,
   1.0,
   0.2702702581882477,
   0.5675675868988037,
   0.0,
   1.0,
   0.0,
   1.0,
   0.0,
   1.0,
   0.0,
   1.0,
   0.0,
   1.0,
   0.0,
   1.0,
   0.0,
   1.0,
   0.0,
   1.0,
   0.0,
   1.0,
   0.054054055362939835,
   1.0
  ],
  [
   0.125,
   1.0,
   0.0,
   0.0,
   0.0,
   1.0,
   0.25,
   0.0,
   0.0,
   0.0,
   0.0,
   0.0,
   0.125,
   0.0,
   1.0,
   1.0,
   1.0,
   1.0,
   0.125,
   0.0,
   1.0,
   0.0,
   1.0,
   0.0,
   0.0,
   1.0,
   0.0,
   1.0,
   0.0,
   1.0,
   0.0,
   1.0,
   0.0,
   1.0,
   0.0,
   1.0,
   0.0,
   1.0,
   0.0,
   1.0,
   0.0,
   1.0,
   0.054054055362939835,
   1.0,
   0.0,
   1.0,
   0.0,
   1.0,
   0.0,
   1.0,
   0.0,
   1.0,
   0.0,
   1.0
  ],
  [
   0.25,
   0.0,
   0.0,
   0.0,
   0.0,
   0.0,
   0.25,
   1.0,
   1.0,
   0.0,
   0.0,
   0.0,
   0.125,
   0.0,
   0.0,
   0.0,
   0.0,
   0.0,
   0.5,
   1.0,
   0.0,
   0.0,
   0.0,
   1.0,
   0.0,
   1.0,
   0.0,
   1.0,
   0.0,
   1.0,
   0.0,
   1.0,
   0.054054055362939835,
   1.0,
   0.0,
   1.0,
   0.0,
   1.0,
   0.0,
   1.0,
   0.0,
   1.0,
   0.0,
   1.0,
   0.0,
   1.0,
   0.0,
   1.0,
   0.38461539149284363,
   1.0,
   0.0,
   1.0,
   0.2702702581882477,
   0.5675675868988037
  ],
  [
   0.0,
   0.0,
   0.0,
   1.0,
   1.0,
   0.0,
   0.25,
   0.0,
   0.0,
   1.0,
   0.0,
   0.0,
   0.5,
   1.0,
   0.0,
   0.0,
   0.0,
   0.0,
   0.25,
   0.0,
   0.0,
   1.0,
   0.0,
   0.0,
   0.0,
   1.0,
   0.0,
   1.0,
   0.0,
   1.0,
   0.0,
   1.0,
   0.0,
   1.0,
   0.0,
   1.0,
   0.0,
   1.0,
   0.38461539149284363,
   1.0,
   0.0,
   1.0,
   0.2702702581882477,
   0.5675675868988037,
   0.0,
   1.0,
   0.0,
   1.0,
   0.0,
   1.0,
   0.0,
   1.0,
   0.0,
   1.0
  ],
  [
   0.625,
   0.0,
   1.0,
   0.0,
   0.0,
   0.0,
   0.25,
   0.0,
   0.0,
   0.0,
   1.0,
   1.0,
   0.25,
   0.0,
   0.0,
   0.0,
   0.0,
   0.0,
   0.125,
   0.0,
   0.0,
   0.0,
   0.0,
   0.0,
   0.0,
   1.0,
   0.0,
   1.0,
   0.38461539149284363,
   1.0,
   0.0,
   1.0,
   0.2702702581882477,
   0.5675675868988037,
   0.0,
   1.0,
   0.0,
   1.0,
   0.0,
   1.0,
   0.0,
   1.0,
   0.0,
   1.0,
   0.0,
   1.0,
   0.0,
   1.0,
   0.0,
   1.0,
   0.0,
   1.0,
   0.054054055362939835,
   1.0
  ]
 ],