{
  "arch": "x -> Linear(160,H) -> relu -> Linear(H,H) -> relu -> Linear(H,38)",
  "batch": 2048,
  "data_contested_rows": 347749,
  "data_git_sha": "7845304d3502e375727c705ac6e9a4707863123d",
  "data_rows": 483777,
  "data_seed": 1,
  "dtype": "f32-le",
  "epochs": 80,
  "feature_version": 1,
  "features_len": 160,
  "git_sha": "7845304d3502e375727c705ac6e9a4707863123d",
  "hidden": 256,
  "lr": 0.001,
  "param_floats": 116774,
  "param_order": [
    "l1.weight",
    "l1.bias",
    "l2.weight",
    "l2.bias",
    "l3.weight",
    "l3.bias"
  ],
  "param_shapes": {
    "l1.bias": [
      256
    ],
    "l1.weight": [
      256,
      160
    ],
    "l2.bias": [
      256
    ],
    "l2.weight": [
      256,
      256
    ],
    "l3.bias": [
      38
    ],
    "l3.weight": [
      38,
      256
    ]
  },
  "softmax_len": 38,
  "teacher": "two_over_one()",
  "train_rows": 435399,
  "trainer": "pons-trainer 0.1.0",
  "val_ce": 0.24850700795650482,
  "val_rows": 48378,
  "val_top1_constructive": 0.9441717267036438,
  "val_top1_contested": 0.9361052513122559,
  "val_top1_overall": 0.9383810758590698,
  "wd": 0.01
}
