{
  "feature_version": 3,
  "features": [
    [
      0.38461539149284363,
      0.8999999761581421,
      0.3076923191547394,
      0.30000001192092896,
      0.1538461595773697,
      0.0,
      0.1538461595773697,
      0.20000000298023224,
      0.3499999940395355,
      0.0,
      0.0,
      0.0,
      0.0,
      0.0,
      0.0,
      0.0,
      1.0,
      0.0,
      0.0,
      1.0,
      1.0,
      0.2857142984867096,
      0.0,
      0.0,
      0.0,
      0.0,
      1.0,
      0.0,
      0.0,
      0.0,
      0.0,
      0.0,
      0.0,
      0.0,
      1.0,
      0.0,
      0.0,
      0.0,
      0.0,
      1.0,
      0.0,
      0.0,
      0.0,
      0.0,
      1.0,
      0.0,
      0.0,
      1.0,
      0.0,
      1.0,
      0.0,
      1.0,
      0.0,
      1.0,
      0.0,
      1.0,
      0.0,
      1.0,
      0.4615384638309479,
      0.4615384638309479,
      0.0,
      1.0,
      0.0,
      1.0,
      0.13513512909412384,
      0.2702702581882477,
      0.0,
      1.0,
      0.0,
      1.0,
      0.0,
      1.0,
      0.0,
      1.0,
      0.0,
      1.0,
      0.0,
      1.0,
      0.0,
      1.0,
      0.0,
      1.0,
      0.0,
      1.0,
      0.0,
      1.0,
      1.0,
      0.0
    ],
    [
      0.07692307978868484,
      0.0,
      0.1538461595773697,
      0.0,
      0.4615384638309479,
      0.30000001192092896,
      0.3076923191547394,
      0.4000000059604645,
      0.17499999701976776,
      1.0,
      0.0,
      1.0,
      0.0,
      0.0,
      1.0,
      0.0,
      0.0,
      0.0,
      0.0,
      0.0,
      1.0,
      0.2857142984867096,
      0.0,
      0.0,
      0.0,
      0.0,
      1.0,
      1.0,
      0.2857142984867096,
      0.0,
      0.0,
      0.0,
      0.0,
      1.0,
      1.0,
      0.0,
      0.0,
      1.0,
      0.0,
      0.0,
      0.0,
      1.0,
      0.0,
      0.0,
      0.0,
      1.0,
      0.0,
      1.0,
      0.4615384638309479,
      0.4615384638309479,
      0.0,
      1.0,
      0.0,
      1.0,
      0.13513512909412384,
      0.2702702581882477,
      0.0,
      1.0,
      0.0,
      1.0,
      0.0,
      1.0,
      0.0,
      1.0,
      0.0,
      1.0,
      0.0,
      1.0,
      0.0,
      1.0,
      0.0,
      1.0,
      0.0,
      1.0,
      0.0,
      1.0,
      0.0,
      1.0,
      0.0,
      1.0,
      0.0,
      1.0,
      0.0,
      1.0,
      0.0,
      1.0,
      0.0,
      1.0
    ],
    [
      0.4615384638309479,
      0.10000000149011612,
      0.1538461595773697,
      0.10000000149011612,
      0.07692307978868484,
      0.0,
      0.3076923191547394,
      0.0,
      0.05000000074505806,
      0.0,
      0.0,
      0.0,
      0.0,
      0.0,
      0.0,
      0.0,
      1.0,
      1.0,
      0.0,
      1.0,
      1.0,
      0.4285714328289032,
      0.0,
      0.0,
      1.0,
      0.0,
      0.0,
      0.0,
      0.0,
      0.0,
      0.0,
      0.0,
      0.0,
      0.0,
      1.0,
      0.0,
      0.0,
      0.0,
      1.0,
      1.0,
      0.0,
      0.0,
      1.0,
      0.0,
      0.0,
      0.0,
      0.0,
      1.0,
      0.0,
      1.0,
      0.0,
      1.0,
      0.0,
      1.0,
      0.0,
      1.0,
      0.0,
      1.0,
      0.0,
      1.0,
      0.0,
      1.0,
      0.0,
      1.0,
      0.0,
      1.0,
      0.0,
      1.0,
      0.0,
      1.0,
      0.0,
      1.0,
      0.0,
      1.0,
      0.0,
      1.0,
      0.0,
      1.0,
      0.4615384638309479,
      0.4615384638309479,
      0.0,
      1.0,
      0.0,
      1.0,
      0.13513512909412384,
      0.2702702581882477,
      1.0,
      0.0
    ],
    [
      0.07692307978868484,
      0.0,
      0.38461539149284363,
      0.6000000238418579,
      0.3076923191547394,
      0.699999988079071,
      0.23076923191547394,
      0.4000000059604645,
      0.42500001192092896,
      0.5,
      0.0,
      1.0,
      1.0,
      0.0,
      1.0,
      0.0,
      0.0,
      0.0,
      0.0,
      0.0,
      1.0,
      0.4285714328289032,
      0.0,
      0.0,
      1.0,
      0.0,
      0.0,
      1.0,
      0.4285714328289032,
      0.0,
      0.0,
      1.0,
      0.0,
      0.0,
      1.0,
      0.0,
      0.0,
      1.0,
      0.0,
      0.0,
      0.0,
      0.0,
      0.0,
      1.0,
      0.0,
      1.0,
      0.0,
      1.0,
      0.0,
      1.0,
      0.0,
      1.0,
      0.0,
      1.0,
      0.0,
      1.0,
      0.0,
      1.0,
      0.0,
      1.0,
      0.0,
      1.0,
      0.0,
      1.0,
      0.0,
      1.0,
      0.0,
      1.0,
      0.4615384638309479,
      0.4615384638309479,
      0.0,
      1.0,
      0.0,
      1.0,
      0.13513512909412384,
      0.2702702581882477,
      0.0,
      1.0,
      0.0,
      1.0,
      0.0,
      1.0,
      0.0,
      1.0,
      0.0,
      1.0,
      0.0,
      1.0
    ],
    [
      0.38461539149284363,
      0.8999999761581421,
      0.3076923191547394,
      0.30000001192092896,
      0.1538461595773697,
      0.0,
      0.1538461595773697,
      0.20000000298023224,
      0.3499999940395355,
      0.0,
      0.0,
      0.0,
      0.0,
      0.0,
      0.0,
      0.0,
      1.0,
      1.0,
      0.0,
      1.0,
      1.0,
      0.5714285969734192,
      0.0,
      0.0,
      1.0,
      0.0,
      0.0,
      0.0,
      0.0,
      0.0,
      0.0,
      0.0,
      0.0,
      0.0,
      1.0,
      0.0,
      0.0,
      0.0,
      1.0,
      1.0,
      0.0,
      0.0,
      0.0,
      0.0,
      1.0,
      0.0,
      0.0,
      1.0,
      0.0,
      1.0,
      0.0,
      1.0,
      0.0,
      1.0,
      0.0,
      1.0,
      0.0,
      1.0,
      0.4615384638309479,
      0.4615384638309479,
      0.0,
      1.0,
      0.0,
      1.0,
      0.13513512909412384,
      0.2702702581882477,
      0.0,
      1.0,
      0.0,
      1.0,
      0.0,
      1.0,
      0.0,
      1.0,
      0.0,
      1.0,
      0.0,
      1.0,
      0.0,
      1.0,
      0.0,
      1.0,
      0.0,
      1.0,
      0.0,
      1.0,
      1.0,
      0.0
    ],
    [
      0.07692307978868484,
      0.0,
      0.1538461595773697,
      0.0,
      0.4615384638309479,
      0.30000001192092896,
      0.3076923191547394,
      0.4000000059604645,
      0.17499999701976776,
      1.0,
      0.0,
      1.0,
      1.0,
      0.0,
      1.0,
      0.0,
      0.0,
      0.0,
      0.0,
      0.0,
      1.0,
      0.5714285969734192,
      0.0,
      0.0,
      1.0,
      0.0,
      0.0,
      1.0,
      0.5714285969734192,
      0.0,
      0.0,
      1.0,
      0.0,
      0.0,
      1.0,
      0.0,
      0.0,
      1.0,
      0.0,
      0.0,
      0.0,
      1.0,
      0.0,
      0.0,
      0.0,
      1.0,
      0.0,
      1.0,
      0.4615384638309479,
      0.4615384638309479,
      0.0,
      1.0,
      0.0,
      1.0,
      0.13513512909412384,
      0.2702702581882477,
      0.0,
      1.0,
      0.0,
      1.0,
      0.0,
      1.0,
      0.0,
      1.0,
      0.0,
      1.0,
      0.0,
      1.0,
      0.0,
      1.0,
      0.0,
      1.0,
      0.0,
      1.0,
      0.0,
      1.0,
      0.0,
      1.0,
      0.0,
      1.0,
      0.0,
      1.0,
      0.0,
      1.0,
      0.0,
      1.0,
      0.0,
      1.0
    ],
    [
      0.4615384638309479,
      0.10000000149011612,
      0.1538461595773697,
      0.10000000149011612,
      0.07692307978868484,
      0.0,
      0.3076923191547394,
      0.0,
      0.05000000074505806,
      0.0,
      0.0,
      0.0,
      0.0,
      0.0,
      0.0,
      0.0,
      1.0,
      1.0,
      0.0,
      1.0,
      1.0,
      0.5714285969734192,
      0.0,
      0.0,
      1.0,
      0.0,
      0.0,
      0.0,
      0.0,
      0.0,
      0.0,
      0.0,
      0.0,
      0.0,
      1.0,
      0.0,
      0.0,
      0.0,
      1.0,
      1.0,
      0.0,
      0.0,
      1.0,
      0.0,
      0.0,
      0.0,
      0.0,
      1.0,
      0.0,
      1.0,
      0.0,
      1.0,
      0.0,
      1.0,
      0.0,
      1.0,
      0.0,
      1.0,
      0.0,
      1.0,
      0.0,
      1.0,
      0.0,
      1.0,
      0.0,
      1.0,
      0.0,
      1.0,
